studentId,class
1,9Z
2,3D
3,12F
4,8D
5,9R
6,1Z
7,2B
8,3N
9,2V
10,3J
11,1V
12,11D
13,8Y
14,4D
15,11G
16,8A
17,2N
18,5A
19,10O
20,10Z
21,9U
22,6X
23,2B
24,3A
25,6C
26,12F
27,4S
28,5X
29,9H
30,4T
31,5Q
32,12W
33,10S
34,10K
35,5D
36,4Y
37,9Q
38,6N
39,2F
40,6O
41,9Y
42,2T
43,2T
44,9J
45,8B
46,3H
47,2P
48,7T
49,8C
50,1Y
51,3P
52,2I
53,5N
54,10Y
55,10O
56,1O
57,8Q
58,6R
59,2Y
60,1Q
61,5R
62,12D
63,2H
64,1N
65,3V
66,11O
67,8N
68,4W
69,8L
70,11B
71,11T
72,1V
73,11Z
74,5V
75,5D
76,8A
77,4E
78,4Y
79,9E
80,12Z
81,3S
82,10F
83,1A
84,1X
85,12T
86,8H
87,4T
88,1G
89,7G
90,5X
91,9G
92,11U
93,12U
94,12M
95,1T
96,1J
97,12N
98,2H
99,5V
100,3J
101,3Q
102,3G
103,1Z
104,2D
105,6B
106,10Z
107,9O
108,7Z
109,5G
110,10J
111,10C
112,11H
113,7S
114,7U
115,11K
116,4B
117,10Y
118,9Z
119,6L
120,5T
121,4Y
122,3J
123,9Z
124,8S
125,8C
126,3B
127,11C
128,8U
129,11C
130,9M
131,5F
132,2N
133,7I
134,4M
135,9T
136,1P
137,11V
138,4V
139,1Z
140,8H
141,4Y
142,2Y
143,12O
144,12S
145,4R
146,5Y
147,4K
148,11H
149,2P
150,7G
151,11K
152,8L
153,4L
154,11Z
155,3Q
156,2W
157,9V
158,12V
159,9A
160,4Y
161,11I
162,3H
163,11B
164,9D
165,1Q
166,10J
167,4K
168,10B
169,6E
170,2L
171,1C
172,8T
173,12Z
174,12L
175,10C
176,5G
177,4J
178,8A
179,10B
180,12L
181,5Y
182,8K
183,11J
184,10X
185,7Q
186,5A
187,10V
188,6N
189,5I
190,8L
191,2G
192,11K
193,4Q
194,6U
195,4T
196,11X
197,7S
198,5H
199,2Q
200,9L
201,5B
202,4G
203,8C
204,4X
205,4E
206,3K
207,4G
208,3L
209,8V
210,9E
211,2P
212,12X
213,1K
214,10K
215,2U
216,2F
217,6X
218,11U
219,6I
220,12I
221,5S
222,10Z
223,8I
224,12X
225,12I
226,1U
227,12T
228,1A
229,5L
230,5I
231,8X
232,10W
233,3T
234,5C
235,7X
236,11F
237,1Y
238,7G
239,5K
240,11T
241,8H
242,4U
243,11M
244,12V
245,5Y
246,11O
247,9Q
248,6Y
249,10N
250,5A
251,4Z
252,12F
253,11O
254,2B
255,5E
256,8J
257,11D
258,8G
259,10I
260,9P
261,2I
262,12V
263,2U
264,9V
265,11N
266,10M
267,6L
268,11X
269,1V
270,9J
271,4Y
272,4Q
273,4C
274,5H
275,12W
276,8B
277,9V
278,8X
279,3F
280,7O
281,5J
282,3P
283,10F
284,9F
285,4R
286,6A
287,12H
288,9M
289,12J
290,6U
291,8N
292,8O
293,10A
294,3Q
295,12B
296,3R
297,6W
298,11B
299,10B
300,7C
301,1L
302,11B
303,4C
304,3R
305,9Y
306,5X
307,4Y
308,6J
309,2R
310,4A
311,2K
312,4B
313,12Q
314,5O
315,2C
316,8T
317,12J
318,1A
319,12H
320,7Z
321,7P
322,11G
323,3D
324,11J
325,12E
326,3Z
327,11J
328,9D
329,6K
330,1U
331,6Z
332,9S
333,7D
334,7X
335,2C
336,12F
337,2N
338,9H
339,5G
340,7D
341,6S
342,12B
343,11T
344,6V
345,1N
346,12K
347,8V
348,9Z
349,7Z
350,7K
351,2X
352,1U
353,10G
354,6N
355,3R
356,12E
357,6J
358,3R
359,2S
360,11Q
361,6U
362,10N
363,12W
364,1C
365,1L
366,7G
367,2V
368,9D
369,9I
370,10T
371,9M
372,8L
373,8S
374,2J
375,11B
376,5F
377,12V
378,11L
379,12L
380,11O
381,1P
382,12X
383,9C
384,9X
385,6I
386,1C
387,7S
388,7I
389,4M
390,5M
391,9B
392,9G
393,6F
394,9E
395,8Y
396,6M
397,9T
398,5L
399,11I
400,2N
401,4Y
402,2B
403,9Z
404,3O
405,3B
406,4Q
407,8S
408,5V
409,8N
410,1L
411,7V
412,12J
413,12R
414,7N
415,9L
416,6D
417,1F
418,10D
419,11Z
420,7D
421,9B
422,6C
423,9E
424,10F
425,3I
426,2B
427,8N
428,7N
429,12L
430,12C
431,10V
432,11E
433,6R
434,11W
435,10O
436,3U
437,12M
438,11P
439,3F
440,3A
441,8Z
442,9R
443,5Z
444,8F
445,6O
446,11S
447,4H
448,1Q
449,7S
450,6T
451,8Y
452,12H
453,3H
454,12J
455,7V
456,10O
457,8Q
458,4J
459,1K
460,11V
461,8Y
462,10P
463,1M
464,9N
465,12P
466,4D
467,4B
468,6F
469,1S
470,12A
471,4Y
472,10G
473,11A
474,5Z
475,8B
476,4B
477,3E
478,2M
479,10Y
480,1A
481,5B
482,2M
483,8I
484,8B
485,9E
486,3L
487,2S
488,6V
489,6I
490,8X
491,11T
492,1S
493,11P
494,2T
495,10K
496,9L
497,4D
498,11Q
499,4Z
500,2J
501,11J
502,6M
503,2Q
504,5G
505,5K
506,2Z
507,1S
508,1B
509,6Z
510,9W
511,10X
512,11J
513,8H
514,10C
515,11U
516,5W
517,8B
518,3K
519,12V
520,4B
521,5P
522,5O
523,9H
524,3T
525,3C
526,8P
527,4P
528,1T
529,6I
530,8H
531,12N
532,5X
533,10F
534,2C
535,8U
536,9E
537,6D
538,8P
539,4F
540,1X
541,7M
542,5T
543,3S
544,9D
545,3X
546,5A
547,6V
548,9E
549,4C
550,4U
551,4X
552,1B
553,12B
554,6B
555,4A
556,7T
557,12Q
558,10W
559,1N
560,1X
561,5S
562,5B
563,10K
564,6Y
565,7Q
566,9Y
567,3M
568,10Z
569,3S
570,1I
571,3R
572,3M
573,2F
574,4G
575,12I
576,2M
577,2M
578,1S
579,6R
580,5S
581,7F
582,11R
583,5I
584,1D
585,12C
586,2H
587,11M
588,11H
589,8H
590,12H
591,7Q
592,2H
593,10L
594,10A
595,11R
596,1V
597,2D
598,6U
599,1M
600,11X
601,2W
602,2C
603,12I
604,11F
605,7H
606,2T
607,7J
608,10E
609,3R
610,1Q
611,11M
612,6J
613,8F
614,1H
615,11L
616,4G
617,12M
618,2F
619,8F
620,9S
621,1Q
622,5J
623,3X
624,2H
625,6W
626,7T
627,2Z
628,9Z
629,5X
630,1M
631,12G
632,5N
633,7F
634,3W
635,7M
636,4P
637,9I
638,11H
639,9D
640,11S
641,9H
642,10E
643,12U
644,2Y
645,3C
646,3U
647,5A
648,12Q
649,6T
650,4Y
651,4K
652,9X
653,2Y
654,7E
655,1K
656,5R
657,5P
658,5W
659,3W
660,11A
661,12P
662,3G
663,7W
664,5Z
665,8Q
666,8C
667,6G
668,8R
669,1P
670,5I
671,9P
672,7X
673,11F
674,6K
675,12D
676,4T
677,4B
678,4G
679,7C
680,8B
681,3X
682,9U
683,5Z
684,4Q
685,10J
686,6Q
687,2F
688,9G
689,5L
690,11T
691,1O
692,10K
693,6G
694,10D
695,9X
696,6U
697,12N
698,7X
699,7P
700,7Y
701,11D
702,1H
703,10X
704,5D
705,6V
706,1B
707,8S
708,4J
709,10K
710,1C
711,4K
712,9H
713,2V
714,4F
715,3I
716,8B
717,2I
718,1Y
719,6X
720,6U
721,8Q
722,11E
723,6S
724,1I
725,7B
726,11K
727,11Y
728,2L
729,1Q
730,10Y
731,12V
732,10N
733,6Q
734,12D
735,6J
736,9Y
737,6Y
738,1S
739,8B
740,8S
741,11C
742,6J
743,4H
744,6Y
745,9O
746,11V
747,8F
748,11P
749,8G
750,1C
751,2Q
752,2B
753,1C
754,11H
755,8N
756,9S
757,7C
758,8G
759,9Q
760,8K
761,5O
762,8K
763,11P
764,5K
765,6T
766,1B
767,7N
768,1M
769,5Y
770,4D
771,7C
772,2M
773,2W
774,1H
775,1O
776,3O
777,2R
778,8T
779,8H
780,9H
781,3U
782,5P
783,8H
784,8M
785,1J
786,5S
787,5Y
788,9Y
789,3R
790,6N
791,5Q
792,8Z
793,1U
794,12J
795,9E
796,10G
797,6Y
798,10V
799,9P
800,2S
801,9Q
802,10G
803,2I
804,2X
805,12O
806,4A
807,11W
808,12K
809,8X
810,1V
811,9N
812,9C
813,8N
814,4G
815,6S
816,7X
817,11W
818,1C
819,8X
820,12F
821,10B
822,2P
823,4W
824,10D
825,11M
826,7J
827,2Q
828,9Q
829,6C
830,8X
831,6K
832,9E
833,5W
834,2M
835,7Z
836,5J
837,7N
838,11I
839,1R
840,6P
841,11U
842,8U
843,7V
844,1W
845,2J
846,11D
847,11O
848,9O
849,4S
850,12G
851,10X
852,2K
853,5A
854,6K
855,8T
856,4Z
857,10C
858,11G
859,4N
860,9F
861,6H
862,3K
863,9L
864,11S
865,12C
866,8V
867,6F
868,2D
869,12W
870,10B
871,11N
872,12N
873,7P
874,1Y
875,2R
876,10X
877,8R
878,4W
879,4E
880,7F
881,7B
882,7T
883,12K
884,9K
885,7X
886,4C
887,6N
888,10U
889,5X
890,8X
891,9J
892,7S
893,12U
894,2W
895,7F
896,12U
897,7B
898,9E
899,10Z
900,1H
901,3L
902,1W
903,3V
904,5M
905,10F
906,1M
907,1A
908,1N
909,3A
910,8F
911,10E
912,8E
913,5Y
914,10D
915,11X
916,3E
917,12W
918,11B
919,6Q
920,3U
921,9R
922,3A
923,9P
924,8G
925,6P
926,1B
927,10A
928,10Q
929,6S
930,7O
931,1L
932,11K
933,3C
934,4A
935,5U
936,3J
937,7U
938,2J
939,3H
940,10Z
941,4L
942,3D
943,4Z
944,10Y
945,5N
946,9G
947,8Z
948,10C
949,4G
950,8D
951,8I
952,8P
953,9A
954,4N
955,6U
956,3U
957,10P
958,10F
959,10L
960,2L
961,2R
962,7Q
963,5P
964,2S
965,11T
966,11X
967,1L
968,9V
969,5I
970,7G
971,8A
972,3C
973,10N
974,9T
975,1V
976,6L
977,7U
978,11V
979,3I
980,10D
981,8F
982,11N
983,7M
984,12Z
985,7I
986,4O
987,6A
988,8F
989,1G
990,4Z
991,7S
992,9S
993,6D
994,5D
995,3Y
996,5I
997,4G
998,6S
999,8C
1000,3G
1001,1Y
1002,9A
1003,1X
1004,6U
1005,11A
1006,12J
1007,12B
1008,4X
1009,6R
1010,3P
1011,12Q
1012,11W
1013,8U
1014,6J
1015,11Y
1016,2A
1017,9Z
1018,7U
1019,10Z
1020,12V
1021,6R
1022,2W
1023,1T
1024,6Z
1025,3T
1026,1C
1027,3S
1028,11F
1029,8X
1030,3T
1031,5U
1032,6I
1033,5U
1034,2L
1035,4X
1036,5B
1037,12T
1038,6A
1039,3I
1040,12A
1041,4N
1042,3T
1043,8K
1044,2D
1045,7C
1046,2A
1047,5H
1048,6B
1049,7M
1050,3M
1051,5H
1052,11M
1053,3N
1054,6R
1055,10S
1056,1T
1057,5V
1058,3G
1059,3R
1060,2H
1061,5X
1062,9J
1063,6U
1064,2R
1065,1N
1066,3E
1067,10O
1068,10F
1069,8J
1070,1Q
1071,8K
1072,6T
1073,1I
1074,1S
1075,10T
1076,8K
1077,8H
1078,7Q
1079,7X
1080,7N
1081,12F
1082,2O
1083,9F
1084,4Y
1085,2I
1086,6U
1087,5F
1088,2Q
1089,9Y
1090,5U
1091,3Y
1092,9P
1093,11J
1094,12U
1095,5V
1096,8U
1097,7G
1098,1J
1099,1D
1100,12Q
1101,12L
1102,4G
1103,7G
1104,7Q
1105,5H
1106,11T
1107,6A
1108,7M
1109,12E
1110,2W
1111,1C
1112,2D
1113,1S
1114,12D
1115,2I
1116,4L
1117,4A
1118,10X
1119,3D
1120,4C
1121,1V
1122,8O
1123,5C
1124,6N
1125,2M
1126,1S
1127,5R
1128,11L
1129,6Y
1130,4C
1131,5G
1132,2D
1133,7F
1134,9M
1135,4O
1136,2D
1137,12M
1138,6N
1139,9E
1140,5P
1141,1P
1142,7X
1143,6Z
1144,8K
1145,1H
1146,10B
1147,6X
1148,12X
1149,12W
1150,7H
1151,9B
1152,8P
1153,8W
1154,2O
1155,6A
1156,2C
1157,3R
1158,5D
1159,5T
1160,10Z
1161,11A
1162,8T
1163,3I
1164,4Y
1165,11F
1166,10L
1167,6G
1168,6K
1169,1B
1170,9H
1171,8D
1172,3E
1173,1R
1174,10I
1175,1O
1176,11S
1177,5H
1178,5L
1179,7J
1180,9I
1181,2O
1182,12K
1183,4B
1184,6T
1185,1C
1186,8P
1187,2F
1188,3E
1189,3P
1190,2C
1191,7G
1192,7R
1193,12A
1194,2R
1195,5O
1196,9H
1197,7N
1198,9R
1199,2B
1200,3H
1201,12O
1202,5L
1203,5D
1204,10H
1205,6K
1206,8E
1207,12V
1208,5H
1209,10W
1210,7J
1211,9Y
1212,5B
1213,10M
1214,4L
1215,2Q
1216,7Q
1217,6X
1218,11R
1219,7W
1220,11F
1221,6X
1222,10G
1223,12C
1224,11Z
1225,5D
1226,1V
1227,9C
1228,10I
1229,6K
1230,12M
1231,12I
1232,10D
1233,8F
1234,11U
1235,8O
1236,7D
1237,5K
1238,7S
1239,3X
1240,3K
1241,2V
1242,9U
1243,7P
1244,7Z
1245,12K
1246,1J
1247,3S
1248,9U
1249,2E
1250,2Y
1251,8K
1252,12F
1253,8R
1254,7L
1255,9V
1256,12E
1257,11B
1258,3B
1259,7B
1260,3A
1261,12P
1262,7Y
1263,7S
1264,4E
1265,7T
1266,10E
1267,10Y
1268,2C
1269,4I
1270,11K
1271,1S
1272,7G
1273,8T
1274,11D
1275,9J
1276,6N
1277,8O
1278,9I
1279,9I
1280,11C
1281,4L
1282,4P
1283,3J
1284,5F
1285,8P
1286,10M
1287,2D
1288,4I
1289,4G
1290,10Z
1291,1P
1292,3W
1293,10W
1294,12X
1295,5T
1296,5L
1297,1W
1298,9G
1299,9Y
1300,8P
1301,10Z
1302,3W
1303,2C
1304,9F
1305,6K
1306,6A
1307,2Z
1308,4O
1309,1M
1310,12F
1311,11Q
1312,7M
1313,5C
1314,3L
1315,10Y
1316,3L
1317,10R
1318,10K
1319,12U
1320,9E
1321,3K
1322,8N
1323,6H
1324,4T
1325,6N
1326,9M
1327,7D
1328,9K
1329,9Y
1330,7Y
1331,2V
1332,8F
1333,2M
1334,9E
1335,9L
1336,7T
1337,6L
1338,11U
1339,6Z
1340,4Y
1341,5B
1342,6I
1343,11O
1344,11P
1345,9G
1346,9Z
1347,9P
1348,2I
1349,8I
1350,1Y
1351,2T
1352,2T
1353,9I
1354,2T
1355,10C
1356,5F
1357,7S
1358,5Z
1359,7R
1360,7J
1361,4P
1362,9U
1363,7P
1364,4N
1365,6M
1366,12K
1367,1J
1368,10N
1369,7L
1370,5T
1371,3H
1372,2J
1373,11Y
1374,6U
1375,4P
1376,7P
1377,6E
1378,9R
1379,12K
1380,2S
1381,11S
1382,8F
1383,6V
1384,5R
1385,4E
1386,3V
1387,9Y
1388,10V
1389,4A
1390,6I
1391,1D
1392,6B
1393,1R
1394,5Y
1395,7H
1396,6W
1397,7X
1398,4Z
1399,10M
1400,11M
1401,5E
1402,2W
1403,9J
1404,1P
1405,1N
1406,8D
1407,6L
1408,8Q
1409,6X
1410,8S
1411,4P
1412,11G
1413,9V
1414,4Z
1415,2T
1416,11N
1417,7V
1418,1M
1419,1W
1420,3V
1421,9C
1422,3B
1423,4D
1424,6W
1425,1N
1426,12B
1427,11Q
1428,2C
1429,8V
1430,10F
1431,8P
1432,9Y
1433,5C
1434,8R
1435,6M
1436,4C
1437,8D
1438,4Q
1439,7Q
1440,5S
1441,11P
1442,8A
1443,11I
1444,7E
1445,8Y
1446,9B
1447,4O
1448,8A
1449,1G
1450,10V
1451,5K
1452,12A
1453,5G
1454,1Z
1455,2G
1456,1V
1457,3Y
1458,8M
1459,1T
1460,7M
1461,1L
1462,1W
1463,10N
1464,11D
1465,10G
1466,3T
1467,7D
1468,2T
1469,12B
1470,9P
1471,1E
1472,4X
1473,12B
1474,11X
1475,12F
1476,4V
1477,7H
1478,12G
1479,4Y
1480,7W
1481,6C
1482,4M
1483,3K
1484,4J
1485,6Z
1486,4R
1487,3K
1488,3Y
1489,11E
1490,3P
1491,7W
1492,8L
1493,3C
1494,5L
1495,4T
1496,2B
1497,7A
1498,11I
1499,1M
1500,9G
1501,7B
1502,9I
1503,5A
1504,10M
1505,3X
1506,8F
1507,3H
1508,1W
1509,10B
1510,2X
1511,11G
1512,10J
1513,10G
1514,11K
1515,3I
1516,5P
1517,11Y
1518,1G
1519,5K
1520,1X
1521,12H
1522,10Z
1523,4O
1524,1W
1525,7J
1526,6P
1527,7D
1528,6T
1529,3D
1530,11V
1531,7L
1532,6M
1533,8E
1534,5A
1535,10E
1536,9O
1537,2O
1538,7D
1539,2M
1540,11M
1541,12N
1542,6U
1543,8B
1544,1J
1545,8F
1546,10P
1547,6R
1548,8N
1549,11L
1550,6K
1551,7I
1552,3D
1553,3N
1554,11X
1555,10T
1556,9O
1557,2L
1558,4J
1559,4W
1560,3T
1561,12E
1562,7T
1563,3Y
1564,3V
1565,7I
1566,3G
1567,6T
1568,1C
1569,1K
1570,9I
1571,9J
1572,4C
1573,1I
1574,11V
1575,8S
1576,7E
1577,1A
1578,1D
1579,12Q
1580,11T
1581,11S
1582,11D
1583,5I
1584,11M
1585,12T
1586,3H
1587,8T
1588,6B
1589,7N
1590,2I
1591,7G
1592,3J
1593,8N
1594,12E
1595,10L
1596,8W
1597,7F
1598,1E
1599,8X
1600,8R
1601,12M
1602,12X
1603,1F
1604,5I
1605,3Q
1606,9F
1607,4S
1608,11D
1609,1Z
1610,5M
1611,6Q
1612,7G
1613,9H
1614,12W
1615,8C
1616,1M
1617,11J
1618,5J
1619,2G
1620,8G
1621,3L
1622,1P
1623,8S
1624,3U
1625,10L
1626,10Y
1627,3U
1628,4U
1629,9C
1630,10S
1631,7R
1632,6Y
1633,1X
1634,3R
1635,4G
1636,5N
1637,8L
1638,1U
1639,2D
1640,8I
1641,6U
1642,1O
1643,2A
1644,10Z
1645,10H
1646,6X
1647,7B
1648,9S
1649,9L
1650,5G
1651,4H
1652,12J
1653,4R
1654,11D
1655,11L
1656,8R
1657,4A
1658,1D
1659,5K
1660,2N
1661,1O
1662,12J
1663,2Z
1664,12F
1665,2E
1666,4G
1667,3I
1668,3O
1669,6V
1670,6A
1671,11M
1672,9H
1673,8S
1674,10Z
1675,5J
1676,2N
1677,8N
1678,4R
1679,10X
1680,12O
1681,9I
1682,5K
1683,5C
1684,5T
1685,8H
1686,3N
1687,6L
1688,7I
1689,10X
1690,10T
1691,1T
1692,12H
1693,6I
1694,12J
1695,2A
1696,3T
1697,4V
1698,9C
1699,9K
1700,6X
1701,2N
1702,6D
1703,10R
1704,2M
1705,4B
1706,3N
1707,3J
1708,2Z
1709,4E
1710,9D
1711,3Z
1712,5T
1713,7J
1714,11M
1715,6E
1716,5A
1717,4Z
1718,2O
1719,8O
1720,8H
1721,1O
1722,12Z
1723,2C
1724,2I
1725,3S
1726,8C
1727,4P
1728,2U
1729,11B
1730,11F
1731,12X
1732,10M
1733,8R
1734,10K
1735,5O
1736,10I
1737,12Q
1738,9G
1739,11K
1740,11Q
1741,12L
1742,1E
1743,9U
1744,7O
1745,3N
1746,12W
1747,10M
1748,7Q
1749,1Q
1750,1T
1751,8D
1752,8W
1753,5I
1754,5V
1755,5E
1756,1V
1757,4Z
1758,11H
1759,1H
1760,5G
1761,10V
1762,3Y
1763,8Y
1764,12C
1765,1U
1766,4R
1767,11S
1768,7Y
1769,12M
1770,12Q
1771,3P
1772,1G
1773,3B
1774,8H
1775,10Z
1776,6Y
1777,1M
1778,11C
1779,12O
1780,9C
1781,6V
1782,5B
1783,12B
1784,5D
1785,11H
1786,1Q
1787,2J
1788,11U
1789,2P
1790,7E
1791,12M
1792,5B
1793,7E
1794,1B
1795,9S
1796,11J
1797,3H
1798,3A
1799,5Y
1800,2W
1801,4M
1802,5N
1803,2B
1804,7G
1805,5G
1806,4I
1807,9D
1808,11L
1809,8O
1810,3R
1811,5W
1812,5L
1813,8V
1814,7H
1815,11F
1816,6S
1817,11W
1818,9Y
1819,10N
1820,2B
1821,10H
1822,2F
1823,1M
1824,2X
1825,4X
1826,4E
1827,7Z
1828,7D
1829,3W
1830,1H
1831,5J
1832,3I
1833,2G
1834,10I
1835,8L
1836,4B
1837,4B
1838,2U
1839,3C
1840,4I
1841,7A
1842,10H
1843,12Y
1844,4R
1845,12N
1846,1O
1847,6V
1848,4H
1849,4T
1850,8A
1851,12O
1852,4O
1853,1C
1854,1I
1855,8Z
1856,8Z
1857,12Y
1858,6J
1859,9R
1860,10Q
1861,7D
1862,6C
1863,3X
1864,12X
1865,3U
1866,6T
1867,3M
1868,11W
1869,7H
1870,5H
1871,11I
1872,10M
1873,9X
1874,10S
1875,4U
1876,7B
1877,5Q
1878,8J
1879,10Q
1880,10D
1881,8C
1882,2B
1883,9M
1884,7Z
1885,6P
1886,5Q
1887,4H
1888,11N
1889,9W
1890,1X
1891,3T
1892,2P
1893,8D
1894,6R
1895,11K
1896,4Q
1897,9X
1898,7C
1899,7E
1900,7E
1901,10I
1902,12H
1903,11Y
1904,12Z
1905,1G
1906,10Q
1907,4T
1908,9Q
1909,4W
1910,3Q
1911,7U
1912,7J
1913,10R
1914,4Z
1915,9U
1916,11T
1917,9H
1918,2P
1919,7Q
1920,12M
1921,8Y
1922,12O
1923,11W
1924,7Q
1925,12D
1926,7J
1927,9W
1928,9A
1929,4M
1930,6F
1931,12L
1932,8U
1933,4U
1934,11M
1935,3P
1936,11Y
1937,10B
1938,1F
1939,7A
1940,10G
1941,9C
1942,8K
1943,10E
1944,9Z
1945,10I
1946,8X
1947,12Y
1948,10J
1949,11P
1950,8H
1951,7V
1952,4Z
1953,6Q
1954,7I
1955,7D
1956,4S
1957,10S
1958,12J
1959,10O
1960,4H
1961,5C
1962,12Q
1963,11E
1964,10X
1965,1I
1966,10I
1967,10U
1968,8F
1969,11G
1970,4L
1971,10V
1972,5O
1973,5U
1974,1F
1975,4W
1976,11A
1977,12U
1978,5H
1979,4H
1980,10M
1981,5S
1982,10L
1983,10A
1984,4B
1985,4R
1986,9D
1987,7I
1988,11V
1989,9D
1990,7L
1991,12L
1992,1L
1993,6E
1994,8E
1995,9W
1996,10Y
1997,1Z
1998,12T
1999,1Y
2000,9Q